school,name,position,position_group,class,major,major_category
Plymouth St.,Dom Martone,DB,Secondary,Fr.,Business,Business & Management
Plymouth St.,Robbie Engel,DB,Secondary,Jr.,Marketing,Business & Management
Plymouth St.,Jayden Graham,RB,Skill (QB/RB/WR/TE),So.,Business,Business & Management
Plymouth St.,Greg Berthiaume,DB,Secondary,Sr.,Business Administration,Business & Management
Plymouth St.,DJ DiCarlo,DB,Secondary,Fr.,Business,Business & Management
Plymouth St.,Rocky Marchitelli,QB,Skill (QB/RB/WR/TE),Sr.,Business Administration,Business & Management
Plymouth St.,Ben Brown,DB,Secondary,Jr.,English Education,"Humanities, Arts & Education"
Plymouth St.,Bryce Todd,DB,Secondary,Fr.,Marketing,Business & Management
Plymouth St.,Matt Phillips,WR,Skill (QB/RB/WR/TE),Jr.,Exercise and Sport Physiology,Kinesiology & Sport Science
Plymouth St.,Joey Donati,WR,Skill (QB/RB/WR/TE),Fr.,Undeclared,Undeclared / Other
Plymouth St.,TJ Taveras,DL,Defensive Line,Sr.,Information Technology,STEM & Engineering
Plymouth St.,Luke Beaulac,DB,Secondary,Jr.,Criminal Justice,Criminal Justice & Social Sciences
Plymouth St.,Daelon Bond-Streater,DB,Secondary,Fr.,Allied Health Sciences,Health Sciences
Plymouth St.,Mason Riina,RB,Skill (QB/RB/WR/TE),So.,Exercise and Sport Physiology,Kinesiology & Sport Science
Plymouth St.,Hunter Trueman,WR,Skill (QB/RB/WR/TE),Jr.,Finance,Business & Management
Plymouth St.,Chris McCarthy,WR,Skill (QB/RB/WR/TE),Jr.,Marketing,Business & Management
Plymouth St.,Alex St. Hilaire,DB,Secondary,So.,Business,Business & Management
Plymouth St.,Ben Cook,DB,Secondary,Fr.,Accounting,Business & Management
Plymouth St.,Richie Trotman,QB,Skill (QB/RB/WR/TE),Fr.,Business Management,Business & Management
Plymouth St.,Connor Graham,DB,Secondary,Sr.,Business Administration,Business & Management
Plymouth St.,Colton Lefebvre,QB,Skill (QB/RB/WR/TE),Fr.,"Sports Management, Communications",Sport Management
Plymouth St.,Grady Pfefferkorn,DB,Secondary,Fr.,Nursing,Health Sciences
Plymouth St.,Tyler Umhoefer,RB,Skill (QB/RB/WR/TE),Fr.,Exercise and Sport Physiology,Kinesiology & Sport Science
Plymouth St.,Brendan Kelly,LB,Linebackers,So.,Business,Business & Management
Plymouth St.,Reece Davis,RB,Skill (QB/RB/WR/TE),Sr.,Finance,Business & Management
Plymouth St.,Aidan Fritz,LB,Linebackers,Sr.,Exercise and Sport Physiology,Kinesiology & Sport Science
Plymouth St.,Seid Djalla,DB,Secondary,So.,Business Administration,Business & Management
Plymouth St.,Isaiah Hardin,DB,Secondary,Fr.,Undeclared,Undeclared / Other
Plymouth St.,Beau Fellows,WR,Skill (QB/RB/WR/TE),Sr.,Psychology,Criminal Justice & Social Sciences
Plymouth St.,Carl Lucy,RB,Skill (QB/RB/WR/TE),Fr.,Business,Business & Management
Plymouth St.,Tyler Holcomb,LB,Linebackers,Sr.,Sports Management,Sport Management
Plymouth St.,Sean Vega,RB,Skill (QB/RB/WR/TE),So.,Cybersecurity,STEM & Engineering
Plymouth St.,Ben Valenti,RB,Skill (QB/RB/WR/TE),Fr.,Nursing,Health Sciences
Plymouth St.,Alejandro Rauth,LB,Linebackers,So.,Business Administration,Business & Management
Plymouth St.,Josh Phillips,RB,Skill (QB/RB/WR/TE),Fr.,Exercise and Sport Physiology,Kinesiology & Sport Science
Plymouth St.,Christian McGarry,DL,Defensive Line,Jr.,Business,Business & Management
Plymouth St.,Athan Eggleston,RB,Skill (QB/RB/WR/TE),Fr.,Physical and Health Education,Kinesiology & Sport Science
Plymouth St.,Lucas Tremblay,RB,Skill (QB/RB/WR/TE),Sr.,Criminology,Criminal Justice & Social Sciences
Plymouth St.,McCade Cummings,RB,Skill (QB/RB/WR/TE),Fr.,Finance,Business & Management
Plymouth St.,Ryland Raudelunas,RB,Skill (QB/RB/WR/TE),Fr.,Sports Management,Sport Management
Plymouth St.,Drake Dumont,RB,Skill (QB/RB/WR/TE),Fr.,Business Administration,Business & Management
Plymouth St.,Matt Moudarri,RB,Skill (QB/RB/WR/TE),Fr.,Business,Business & Management
Plymouth St.,Shawn Waters,DB,Secondary,Fr.,Sports Management,Sport Management
Plymouth St.,Francesco Lopriore,RB,Skill (QB/RB/WR/TE),So.,Business,Business & Management
Plymouth St.,Morris Selmani,LB,Linebackers,So.,Finance,Business & Management
Plymouth St.,Ricky Phom,DB,Secondary,Fr.,Business,Business & Management
Plymouth St.,Adam Coletti,TE,Skill (QB/RB/WR/TE),Sr.,Business Administration,Business & Management
Plymouth St.,Hunter Burke,LB,Linebackers,Jr.,Criminal Justice,Criminal Justice & Social Sciences
Plymouth St.,Jonah Feliciano,LB,Linebackers,Fr.,Exercise and Sport Physiology,Kinesiology & Sport Science
Plymouth St.,Mason Twitchell,LB,Linebackers,Jr.,Business Management,Business & Management
Plymouth St.,Drew Cakouros,RB,Skill (QB/RB/WR/TE),Sr.,Sports Management,Sport Management
Plymouth St.,Will Maynard,RB,Skill (QB/RB/WR/TE),Fr.,Business,Business & Management
Plymouth St.,Jayden Moreau,LB,Linebackers,Fr.,Exercise and Sport Physiology,Kinesiology & Sport Science
Plymouth St.,Thomas Tierney,OL,Offensive Line,So.,Business,Business & Management
Plymouth St.,Jack Walsh,OL,Offensive Line,Jr.,Criminal Justice,Criminal Justice & Social Sciences
Plymouth St.,Alejandro Foden,LB,Linebackers,Fr.,Finance,Business & Management
Plymouth St.,Jake Beaudry,LB,Linebackers,Fr.,Finance,Business & Management
Plymouth St.,Pierce Heim,DL,Defensive Line,Sr.,Biology,STEM & Engineering
Plymouth St.,Dylan Kudym,DB,Secondary,Fr.,Physical Therapy,Health Sciences
Plymouth St.,Connor Dickson,LB,Linebackers,Fr.,Communications and Media Studies,Communication & Media
Plymouth St.,Landon Murphy,LB,Linebackers,Fr.,Criminal Justice,Criminal Justice & Social Sciences
Plymouth St.,Braydon McMath,OL,Offensive Line,Fr.,Physical and Health Education,Kinesiology & Sport Science
Plymouth St.,Jacob Laird,OL,Offensive Line,Jr.,Mathematics,STEM & Engineering
Plymouth St.,Liam Macomber,OL,Offensive Line,Fr.,Sports Management,Sport Management
Plymouth St.,Anthony Magri,OL,Offensive Line,Fr.,Exercise and Sport Physiology,Kinesiology & Sport Science
Plymouth St.,"Nate Pickup, Jr.",DL,Defensive Line,So.,Marketing,Business & Management
Plymouth St.,Aiden Saada,DL,Defensive Line,Fr.,Business Administration,Business & Management
Plymouth St.,Jack Claeys,OL,Offensive Line,Sr.,Marketing,Business & Management
Plymouth St.,Frank Kasall,OL,Offensive Line,Fr.,Athletic Training,Kinesiology & Sport Science
Plymouth St.,Jacob Desilets,OL,Offensive Line,Fr.,Criminal Justice,Criminal Justice & Social Sciences
Plymouth St.,Courtney Roberts,DL,Defensive Line,Fr.,Adventure Education,Kinesiology & Sport Science
Plymouth St.,Giovanni Maldanis-Martinez,OL,Offensive Line,So.,Marketing,Business & Management
Plymouth St.,Jack McCarthy,OL,Offensive Line,Fr.,Exercise and Sport Physiology,Kinesiology & Sport Science
Plymouth St.,Erik Williams,K/P,Specialists,Fr.,Police Studies,Criminal Justice & Social Sciences
Plymouth St.,Drew Dilorio,OL,Offensive Line,Fr.,Criminal Justice,Criminal Justice & Social Sciences
Plymouth St.,Jason Osborne,OL,Offensive Line,Sr.,Business Administration,Business & Management
Plymouth St.,Colton Kowalski,OL,Offensive Line,So.,Accounting,Business & Management
Plymouth St.,Logan Murphy,OL,Offensive Line,So.,Social Work,Criminal Justice & Social Sciences
Plymouth St.,Joe Reed,TE,Skill (QB/RB/WR/TE),So.,Political Science,Criminal Justice & Social Sciences
Plymouth St.,Erik Chiappa,WR,Skill (QB/RB/WR/TE),So.,Business,Business & Management
Plymouth St.,Owen McNair,WR,Skill (QB/RB/WR/TE),Fr.,Business,Business & Management
Plymouth St.,Braeden Ayers,WR,Skill (QB/RB/WR/TE),Fr.,Undeclared,Undeclared / Other
Plymouth St.,Noah Pasterczyk,RB,Skill (QB/RB/WR/TE),So.,Sports Management,Sport Management
Plymouth St.,Brendan Lynch,TE,Skill (QB/RB/WR/TE),Jr.,Physical and Health Education,Kinesiology & Sport Science
Plymouth St.,Jake Schuff,WR,Skill (QB/RB/WR/TE),Fr.,Undeclared,Undeclared / Other
Plymouth St.,Brady DiRobbio,WR,Skill (QB/RB/WR/TE),Fr.,Robotics,STEM & Engineering
Plymouth St.,Connor Adams,TE,Skill (QB/RB/WR/TE),Jr.,Marketing,Business & Management
Plymouth St.,Brendan MacPhee,WR,Skill (QB/RB/WR/TE),Fr.,Criminal Justice,Criminal Justice & Social Sciences
Plymouth St.,Shane McCormick,DL,Defensive Line,Jr.,"Finance, Accounting",Business & Management
Plymouth St.,Jacob Daigle,DL,Defensive Line,Jr.,Business,Business & Management
Plymouth St.,Ryan Bryant,K/P,Specialists,Fr.,Cyber Security,STEM & Engineering
Plymouth St.,Seamus Ross,K/P,Specialists,Jr.,Sports Management,Sport Management
Plymouth St.,Jack Hashem,DL,Defensive Line,So.,Undeclared,Undeclared / Other
Plymouth St.,Massimo Puddu,K/P,Specialists,So.,Business Administration,Business & Management
Plymouth St.,Alex Figueroa,TE,Skill (QB/RB/WR/TE),So.,Business Marketing,Business & Management
Plymouth St.,Joe Cabanita,K/P,Specialists,Fr.,Sports Management,Sport Management
Plymouth St.,Joe Marascio,K/P,Specialists,So.,Business Administration,Business & Management
Plymouth St.,Gage Berry,DL,Defensive Line,Fr.,Business,Business & Management
Plymouth St.,Jimmy Nelson,DL,Defensive Line,Fr.,Criminal Justice,Criminal Justice & Social Sciences
UMass Dartmouth,Jayson Dyer,Running Back RB,Skill (QB/RB/WR/TE),Fr.,Business,Business & Management
UMass Dartmouth,Effrem Gnepo,Defensive Lineman DL,Defensive Line,So.,Undeclared,Undeclared / Other
UMass Dartmouth,C Owen Dunker,Defensive Edge DE,Defensive Line,Sr.,Finance,Business & Management
UMass Dartmouth,Jayden Francois,Wide Receiver WR,Skill (QB/RB/WR/TE),So.,Business,Business & Management
UMass Dartmouth,Bryant Lopes,Defensive Back DB,Secondary,Sr.,Business Administration,Business & Management
UMass Dartmouth,C Mekhi Wilson,Running Back RB,Skill (QB/RB/WR/TE),Sr.,Communications,Communication & Media
UMass Dartmouth,Anthony Diakite,Defensive Back DB,Secondary,So.,Crime & Justice Studies,Criminal Justice & Social Sciences
UMass Dartmouth,Julius Martinez,Wide Receiver WR,Skill (QB/RB/WR/TE),So.,Undeclared,Undeclared / Other
UMass Dartmouth,Logan Gelinas,Quarterback QB,Skill (QB/RB/WR/TE),So.,Criminal Justice,Criminal Justice & Social Sciences
UMass Dartmouth,C Xavier Lopes,Defensive Back DB,Secondary,Sr.,Business Administration,Business & Management
UMass Dartmouth,Patrick Cranson,Wide Receiver WR,Skill (QB/RB/WR/TE),So.,Business,Business & Management
UMass Dartmouth,Abdul Kareem,Defensive Edge DE,Defensive Line,Jr.,Mechanical Engineering,STEM & Engineering
UMass Dartmouth,Matteo Pina,Defensive Back DB,Secondary,Jr.,Economics,Business & Management
UMass Dartmouth,Ty Pindel,Quarterback QB,Skill (QB/RB/WR/TE),Fr.,Business,Business & Management
UMass Dartmouth,Kenimar Noel,Linebacker LB,Linebackers,So.,Engineering,STEM & Engineering
UMass Dartmouth,JC Petrongolo,Quarterback QB,Skill (QB/RB/WR/TE),Sr.,Engineering,STEM & Engineering
UMass Dartmouth,Jamaury Barr,Wide Receiver WR,Skill (QB/RB/WR/TE),Jr.,Marketing,Business & Management
UMass Dartmouth,Dylan Lykins,Linebacker LB,Linebackers,Jr.,Mechanical Engineering,STEM & Engineering
UMass Dartmouth,Luke DeLangie,Tight End TE,Skill (QB/RB/WR/TE),Jr.,Civil Engineering,STEM & Engineering
UMass Dartmouth,Dwayne Julius,Defensive Back DB,Secondary,So.,Business,Business & Management
UMass Dartmouth,Jayden DaCruz,Linebacker LB,Linebackers,Jr.,Undeclared,Undeclared / Other
UMass Dartmouth,KinKade Rubino,Wide Receiver WR,Skill (QB/RB/WR/TE),Jr.,Marketing,Business & Management
UMass Dartmouth,Lucas Figueiredo,Defensive Lineman DL,Defensive Line,So.,Civil Engineering,STEM & Engineering
UMass Dartmouth,Derek Lopes,Wide Receiver WR,Skill (QB/RB/WR/TE),Jr.,Engineering,STEM & Engineering
UMass Dartmouth,Jackson Hart,Quarterback QB,Skill (QB/RB/WR/TE),So.,Business,Business & Management
UMass Dartmouth,Diego Tavares,Defensive Back DB,Secondary,So.,Supply Chain Management,Business & Management
UMass Dartmouth,Markus Andrews,Wide Receiver WR,Skill (QB/RB/WR/TE),So.,Marketing,Business & Management
UMass Dartmouth,Daniel Knowlton,Defensive Back DB,Secondary,Sr.,Accounting,Business & Management
UMass Dartmouth,Karter Dickerson,Quarterback QB,Skill (QB/RB/WR/TE),Fr.,Undeclared,Undeclared / Other
UMass Dartmouth,Shane Longin,Defensive Back DB,Secondary,Sr.,Accounting,Business & Management
UMass Dartmouth,C Conner Robidoux,Defensive Back DB,Secondary,Sr.,Nursing,Health Sciences
UMass Dartmouth,Norman Soullier,Wide Receiver WR,Skill (QB/RB/WR/TE),So.,Undeclared,Undeclared / Other
UMass Dartmouth,James Barnicle,Defensive Back DB,Secondary,Fr.,Psychology,Criminal Justice & Social Sciences
UMass Dartmouth,Will Porter,Wide Receiver WR,Skill (QB/RB/WR/TE),So.,Computer Science,STEM & Engineering
UMass Dartmouth,Andres Gibbs,Defensive Back DB,Secondary,So.,Health and Society,Health Sciences
UMass Dartmouth,Branden Schenck,Tight End TE,Skill (QB/RB/WR/TE),Sr.,Business Management,Business & Management
UMass Dartmouth,Leland Kelleher,Running Back RB,Skill (QB/RB/WR/TE),So.,Undeclared,Undeclared / Other
UMass Dartmouth,Nick Wood,Defensive Edge DE,Defensive Line,So.,Business,Business & Management
UMass Dartmouth,Jaylon Phifer,Defensive Edge DE,Defensive Line,Jr.,Sociology,Criminal Justice & Social Sciences
UMass Dartmouth,Peter Popowich,Wide Receiver WR,Skill (QB/RB/WR/TE),Gr.,Data Science,STEM & Engineering
UMass Dartmouth,Sam Joseph,Linebacker LB,Linebackers,Jr.,Undeclared,Undeclared / Other
UMass Dartmouth,Chris Soto,Running Back RB,Skill (QB/RB/WR/TE),Fr.,Business,Business & Management
UMass Dartmouth,John Brevil,Defensive Back DB,Secondary,So.,Civil Engineering,STEM & Engineering
UMass Dartmouth,Christian Morales,Running Back RB,Skill (QB/RB/WR/TE),So.,Business,Business & Management
UMass Dartmouth,Jay Cahow,Wide Receiver WR,Skill (QB/RB/WR/TE),So.,Pre-Engineering,STEM & Engineering
UMass Dartmouth,Prince Woods,Defensive Back DB,Secondary,So.,Computer Engineering,STEM & Engineering
UMass Dartmouth,Julien Bush,Defensive Edge DE,Defensive Line,Jr.,Mechanical Engineering,STEM & Engineering
UMass Dartmouth,Carlos Cruz,Running Back RB,Skill (QB/RB/WR/TE),So.,Interior Architecture,"Humanities, Arts & Education"
UMass Dartmouth,Bernardo Bannis,Linebacker LB,Linebackers,Fr.,Undeclared,Undeclared / Other
UMass Dartmouth,Antoine Williams,Running Back RB,Skill (QB/RB/WR/TE),Fr.,Psychology,Criminal Justice & Social Sciences
UMass Dartmouth,Zymari Bailey,Linebacker LB,Linebackers,Fr.,Business,Business & Management
UMass Dartmouth,Danny Cummings,Defensive Lineman DL,Defensive Line,Sr.,Crime and Justice,Criminal Justice & Social Sciences
UMass Dartmouth,Marvins Antoine,Running Back RB,Skill (QB/RB/WR/TE),Fr.,Undeclared,Undeclared / Other
UMass Dartmouth,Ben Tran,Linebacker LB,Linebackers,Jr.,Health and Society,Health Sciences
UMass Dartmouth,Dan Lawrence,Defensive Back DB,Secondary,Fr.,Cybersecurity,STEM & Engineering
UMass Dartmouth,Connor McManus,Kicker/Punter K/P,Specialists,Jr.,Business,Business & Management
UMass Dartmouth,Christian Acosta,Defensive Back DB,Secondary,Fr.,Communications,Communication & Media
UMass Dartmouth,Curtis Briggs,Running Back RB,Skill (QB/RB/WR/TE),Fr.,Business,Business & Management
UMass Dartmouth,Gavin Butterfield,Defensive Back DB,Secondary,Fr.,Civil Engineering,STEM & Engineering
UMass Dartmouth,Gabriel Luperon-Flecha,Running Back RB,Skill (QB/RB/WR/TE),So.,Finance,Business & Management
UMass Dartmouth,Tyler Gardner-Harris,Linebacker LB,Linebackers,Fr.,Business,Business & Management
UMass Dartmouth,Jahnari Jackson,Defensive Back DB,Secondary,Fr.,Business,Business & Management
UMass Dartmouth,Thaddeus Bloomfield,Linebacker LB,Linebackers,So.,Civil Engineering,STEM & Engineering
UMass Dartmouth,Sulei Haji,Defensive Lineman DL,Defensive Line,Fr.,Management,Business & Management
UMass Dartmouth,Kavonni Daniels,Defensive Edge DE,Defensive Line,So.,Physiology,Kinesiology & Sport Science
UMass Dartmouth,Jaden Edwards,Defensive Back DB,Secondary,Jr.,Accounting,Business & Management
UMass Dartmouth,Terry Monnely,Defensive Back DB,Secondary,Fr.,Finance,Business & Management
UMass Dartmouth,Orville Ferguson,Linebacker LB,Linebackers,Fr.,Civil Engineering,STEM & Engineering
UMass Dartmouth,Tyler Jonte,Defensive Edge DE,Defensive Line,So.,Finance,Business & Management
UMass Dartmouth,Ricardo Molinary,Defensive Back DB,Secondary,Fr.,College Now,Undeclared / Other
UMass Dartmouth,Dana Corliss,Linebacker LB,Linebackers,Fr.,Crime & Justice Studies,Criminal Justice & Social Sciences
UMass Dartmouth,Adrian Rampino,Defensive Edge DE,Defensive Line,Fr.,Civil Engineering,STEM & Engineering
UMass Dartmouth,Lucca Peres,Defensive Edge DE,Defensive Line,Jr.,Civil Engineering,STEM & Engineering
UMass Dartmouth,Haggai Joseph,Linebacker LB,Linebackers,So.,Electrical Engineering,STEM & Engineering
UMass Dartmouth,Wilderson Lafortune,Defensive Lineman DL,Defensive Line,So.,Finance,Business & Management
UMass Dartmouth,David Perez,Defensive Lineman DL,Defensive Line,Fr.,College Now,Undeclared / Other
UMass Dartmouth,Connor Bloom,Kicker/Punter K/P,Specialists,Jr.,Business,Business & Management
UMass Dartmouth,Shalom Kyei,Linebacker LB,Linebackers,Fr.,Mechanical Engineering,STEM & Engineering
UMass Dartmouth,JoJo Sadia,Linebacker LB,Linebackers,So.,General Business Administration,Business & Management
UMass Dartmouth,Logan Peterson,Long Snapper LS,Specialists,So.,Crime & Justice Studies,Criminal Justice & Social Sciences
UMass Dartmouth,Anthony Saccone,Linebacker LB,Linebackers,Fr.,Civil Engineering,STEM & Engineering
UMass Dartmouth,Tyler Alexander,Defensive Edge DE,Defensive Line,Fr.,Undeclared,Undeclared / Other
UMass Dartmouth,Donovan Turner,Defensive Edge DE,Defensive Line,Jr.,Political Science,Criminal Justice & Social Sciences
UMass Dartmouth,Cole Mirka,Defensive Edge DE,Defensive Line,Fr.,Engineering,STEM & Engineering
UMass Dartmouth,Luis Santos,Offensive Lineman OL,Offensive Line,Sr.,Computer Science,STEM & Engineering
UMass Dartmouth,Robert Tannenbaum,Defensive Edge DE,Defensive Line,Fr.,Business,Business & Management
UMass Dartmouth,Nate Gravelle,Offensive Lineman OL,Offensive Line,Fr.,Engineering,STEM & Engineering
UMass Dartmouth,C Ezrah Hatcher,Offensive Lineman OL,Offensive Line,Sr.,Mechanical Engineering,STEM & Engineering
UMass Dartmouth,Travis Gardner-Harris,Offensive Lineman OL,Offensive Line,Fr.,Business,Business & Management
UMass Dartmouth,C Sebastian Perez,Offensive Lineman OL,Offensive Line,Sr.,Crime and Justice,Criminal Justice & Social Sciences
UMass Dartmouth,Oli Dede,Tight End TE,Skill (QB/RB/WR/TE),Sr.,Business,Business & Management
UMass Dartmouth,Anthony Perez-Ventura,Offensive Lineman OL,Offensive Line,Fr.,Nursing,Health Sciences
UMass Dartmouth,Ronald Annis,Offensive Lineman OL,Offensive Line,Fr.,Business,Business & Management
UMass Dartmouth,Jaymani Ayuso,Offensive Lineman OL,Offensive Line,Fr.,Crime & Justice Studies,Criminal Justice & Social Sciences
UMass Dartmouth,Cameron Griffey,Offensive Lineman OL,Offensive Line,So.,Biology,STEM & Engineering
UMass Dartmouth,Cayden Blaschik,Offensive Lineman OL,Offensive Line,Jr.,Mechanical Engineering,STEM & Engineering
UMass Dartmouth,Timothy Zibrida,Offensive Lineman OL,Offensive Line,Jr.,Civil Engineering,STEM & Engineering
UMass Dartmouth,Jasper Chakouian,Tight End TE,Skill (QB/RB/WR/TE),Jr.,Biology,STEM & Engineering
UMass Dartmouth,Vernon Charles,Offensive Lineman OL,Offensive Line,Fr.,Biology,STEM & Engineering
UMass Dartmouth,Joel Rivera,Offensive Lineman OL,Offensive Line,Fr.,Business,Business & Management
UMass Dartmouth,Chris Young,Offensive Lineman OL,Offensive Line,Fr.,Engineering,STEM & Engineering
UMass Dartmouth,Tyrell Harris,Offensive Lineman OL,Offensive Line,So.,Undeclared,Undeclared / Other
UMass Dartmouth,Henry Morse,Offensive Lineman OL,Offensive Line,So.,Business,Business & Management
UMass Dartmouth,Patrick Sennott,Offensive Lineman OL,Offensive Line,Sr.,History,Criminal Justice & Social Sciences
UMass Dartmouth,Aiden Joseph,Offensive Lineman OL,Offensive Line,So.,Finance,Business & Management
UMass Dartmouth,Saint Eriq Adianawo,Offensive Lineman OL,Offensive Line,Fr.,Business,Business & Management
UMass Dartmouth,C Kevin Moura,Offensive Lineman OL,Offensive Line,Sr.,Political Science,Criminal Justice & Social Sciences
UMass Dartmouth,Brayden Cannon,Offensive Lineman OL,Offensive Line,Fr.,Psychology,Criminal Justice & Social Sciences
UMass Dartmouth,Patrick Daley,Offensive Lineman OL,Offensive Line,Sr.,Criminal Justice,Criminal Justice & Social Sciences
UMass Dartmouth,Ikenna St Marc,Offensive Lineman OL,Offensive Line,Fr.,Biology,STEM & Engineering
UMass Dartmouth,Michael Neider,Wide Receiver WR,Skill (QB/RB/WR/TE),Jr.,Business,Business & Management
UMass Dartmouth,Kensley Macean,Defensive Back DB,Secondary,Fr.,Business & Engineering,STEM & Engineering
UMass Dartmouth,Tristen Clark,Defensive Back DB,Secondary,Fr.,Marketing,Business & Management
UMass Dartmouth,Cyair Charles,Defensive Lineman DL,Defensive Line,So.,Management,Business & Management
UMass Dartmouth,Toluwani Agbojo,Wide Receiver WR,Skill (QB/RB/WR/TE),Fr.,Computer Science,STEM & Engineering
UMass Dartmouth,Masan Igisomar,Wide Receiver WR,Skill (QB/RB/WR/TE),So.,Business,Business & Management
UMass Dartmouth,Ish Kamara,Wide Receiver WR,Skill (QB/RB/WR/TE),So.,Business,Business & Management
UMass Dartmouth,C Isaiah Augustus,Tight End TE,Skill (QB/RB/WR/TE),Sr.,Business,Business & Management
UMass Dartmouth,Davoun Almodovar,Tight End TE,Skill (QB/RB/WR/TE),Fr.,Business,Business & Management
UMass Dartmouth,Ethan Grandin,Tight End TE,Skill (QB/RB/WR/TE),So.,Business,Business & Management
UMass Dartmouth,Jayden Medeiros,Defensive Back DB,Secondary,Fr.,Management,Business & Management
UMass Dartmouth,Rockson Thapa,Defensive Lineman DL,Defensive Line,So.,Civil Engineering,STEM & Engineering
UMass Dartmouth,Jordan D'Amico,Defensive Edge DE,Defensive Line,Sr.,Chemistry,STEM & Engineering
UMass Dartmouth,Daniel Cordero,Defensive Lineman DL,Defensive Line,Fr.,College Now,Undeclared / Other
UMass Dartmouth,Kobie Andino,Defensive Lineman DL,Defensive Line,Fr.,Business - College Now,Business & Management
UMass Dartmouth,Nadir Johnson,Defensive Lineman DL,Defensive Line,So.,Business,Business & Management
UMass Dartmouth,John Marzuolo,Linebacker LB,Linebackers,Fr.,Business - Marketing,Business & Management
UMass Dartmouth,Kaleb Normil,Defensive Lineman DL,Defensive Line,Fr.,Civil Engineering,STEM & Engineering
UMass Dartmouth,Max Lisysyan,Defensive Edge DE,Defensive Line,Fr.,Civil Engineering,STEM & Engineering
UMass Dartmouth,Hayden Ford,Defensive Lineman DL,Defensive Line,Fr.,Business,Business & Management
UMass Dartmouth,Ancil Alexander,Defensive Lineman DL,Defensive Line,Jr.,Crime & Justice Studies,Criminal Justice & Social Sciences
Worcester St.,Aidan Breen,Tight End,Skill (QB/RB/WR/TE),Sr.,Liberal Studies,"Humanities, Arts & Education"
Worcester St.,Joey Christian,Wide Receiver,Skill (QB/RB/WR/TE),Sr.,Business Administration,Business & Management
Worcester St.,Will Vogel,Linebacker,Linebackers,Sr.,Business Management,Business & Management
Worcester St.,Lance Williams,Wide Receiver,Skill (QB/RB/WR/TE),Sr.,Public Health,Health Sciences
Worcester St.,MJ Bakaysa,Quarterback,Skill (QB/RB/WR/TE),Sr.,Business Administration,Business & Management
Worcester St.,Bryan Aguilar,Defensive Back,Secondary,Sr.,Business Administration,Business & Management
Worcester St.,Tridell Sharpe,Defensive Back,Secondary,Sr.,Business,Business & Management
Worcester St.,Jermaine Norfleet Jr.,Running Back,Skill (QB/RB/WR/TE),Sr.,Liberal Studies,"Humanities, Arts & Education"
Worcester St.,Griffin Metcalf,Defensive Back,Secondary,Sr.,Business,Business & Management
Worcester St.,Noah Jodoin,Wide Receiver,Skill (QB/RB/WR/TE),Sr.,Business Administration,Business & Management
Worcester St.,Alexander Burgos,Quarterback,Skill (QB/RB/WR/TE),Fy.,Elementary Education,"Humanities, Arts & Education"
Worcester St.,Yaniel Belliard,Quarterback,Skill (QB/RB/WR/TE),Fy.,Criminal Justice,Criminal Justice & Social Sciences
Worcester St.,Rhett Darrah,Quarterback,Skill (QB/RB/WR/TE),Jr.,Business,Business & Management
Worcester St.,Trevin Guardarrama,Quarterback,Skill (QB/RB/WR/TE),Fy.,Biotechnology,STEM & Engineering
Worcester St.,Ben Klein,Quarterback,Skill (QB/RB/WR/TE),Sr./Jr.,Communication,Communication & Media
Worcester St.,DJ Leonard,Defensive Back,Secondary,Jr.,Business Administration,Business & Management
Worcester St.,Jack Poirier,Wide Receiver,Skill (QB/RB/WR/TE),Jr.,Criminal Justice,Criminal Justice & Social Sciences
Worcester St.,Kellen Clarkson,Quarterback,Skill (QB/RB/WR/TE),So.,Public Health,Health Sciences
Worcester St.,Joseph Derege,Quarterback,Skill (QB/RB/WR/TE),Fy.,Business Administration,Business & Management
Worcester St.,Ayden Davis,Defensive Back,Secondary,So.,Business Administration,Business & Management
Worcester St.,Sy'Air James,Running Back,Skill (QB/RB/WR/TE),Sr.,Criminal Justice,Criminal Justice & Social Sciences
Worcester St.,Cam Goodrich,Linebacker,Linebackers,Jr.,Criminal Justice,Criminal Justice & Social Sciences
Worcester St.,James Azzinaro,Wide Receiver,Skill (QB/RB/WR/TE),Sr.,Business,Business & Management
Worcester St.,Gavin Hatfield,Running Back,Skill (QB/RB/WR/TE),Sr.,Business Management,Business & Management
Worcester St.,Patrick Dowd,Defensive Back,Secondary,Jr.,Public Health,Health Sciences
Worcester St.,Damian Mitchell,Defensive Back,Secondary,Sr.,Business Marketing,Business & Management
Worcester St.,Sam Grew,Running Back,Skill (QB/RB/WR/TE),Jr.,Business Administration/Finance,Business & Management
Worcester St.,John Doucette,Defensive Back,Secondary,So.,Business Administration,Business & Management
Worcester St.,Joe Vasquez,Defensive Back,Secondary,Jr.,Criminal Justice,Criminal Justice & Social Sciences
Worcester St.,Jesse Moran,Running Back,Skill (QB/RB/WR/TE),So.,Business Administration/Political Science,Criminal Justice & Social Sciences
Worcester St.,Alfred Tennyson,Defensive Back,Secondary,Fy.,Business,Business & Management
Worcester St.,Trey Matthews,Defensive Back,Secondary,So.,Business,Business & Management
Worcester St.,DJ Gordon,Defensive Back,Secondary,Jr.,Business Administration,Business & Management
Worcester St.,Carter Maple,Linebacker/Defensive Back,Secondary,Fy.,Undecided,Undeclared / Other
Worcester St.,TreChaun Days,Running Back/Wide Receiver,Skill (QB/RB/WR/TE),Fy.,Liberal Studies,"Humanities, Arts & Education"
Worcester St.,Marques Paul-Williams,Linebacker,Linebackers,So.,Criminal Justice,Criminal Justice & Social Sciences
Worcester St.,Ali Kalle,Running Back,Skill (QB/RB/WR/TE),Fy.,Criminal Justice,Criminal Justice & Social Sciences
Worcester St.,Seba Dumoulin,Linebacker,Linebackers,So.,Psychology,Criminal Justice & Social Sciences
Worcester St.,Troy Rudder,Defensive Back,Secondary,Fy.,Business,Business & Management
Worcester St.,Chris Cettie,Defensive Back,Secondary,Jr./Fy.,Computer Science,STEM & Engineering
Worcester St.,Nixon Deleon,Running Back/Wide Receiver,Skill (QB/RB/WR/TE),Fy.,Business Administration,Business & Management
Worcester St.,Jospeh Campbell,Linebacker,Linebackers,So.,Biology,STEM & Engineering
Worcester St.,Tommy DeSimone,Linebacker,Linebackers,Fy.,Undecided,Undeclared / Other
Worcester St.,Tyren Hoeun,Running Back,Skill (QB/RB/WR/TE),Fy.,Public Health,Health Sciences
Worcester St.,Vinny Pino,Linebacker,Linebackers,Fy.,Business Administration,Business & Management
Worcester St.,Miguerson Renelus,Linebacker,Linebackers,So.,Public Health,Health Sciences
Worcester St.,Heyttor Nunes,Defensive Line,Defensive Line,Jr./So.,Criminal Justice,Criminal Justice & Social Sciences
Worcester St.,Connor Fougere,Tight End/Linebacker,Linebackers,Fy.,Criminal Justice,Criminal Justice & Social Sciences
Worcester St.,Brian Melendez,Linebacker,Linebackers,Sr.,Business Administration,Business & Management
Worcester St.,Matthew Pinto,Running Back/Linebacker,Linebackers,Fy.,Criminal Justice,Criminal Justice & Social Sciences
Worcester St.,Jio Roman,Defensive Line,Defensive Line,Sr.,Criminal Justice,Criminal Justice & Social Sciences
Worcester St.,CJ Wright,Offensive/Defensive Line,Defensive Line,Fy.,Secondary Education,"Humanities, Arts & Education"
Worcester St.,Jaiden Timoleon,Linebacker,Linebackers,Fy.,Business Management,Business & Management
Worcester St.,Kenny Duperval,Offensive Line,Offensive Line,Fy.,Finance,Business & Management
Worcester St.,Jayden Pridgen,Defensive Line,Defensive Line,Jr.,History,Criminal Justice & Social Sciences
Worcester St.,Ivan Bardales Diaz,Offensive Line,Offensive Line,So.,Criminal Justice,Criminal Justice & Social Sciences
Worcester St.,Oscar Alvarez,Offensive Line,Offensive Line,So.,Business,Business & Management
Worcester St.,Jay Beauzil,Offensive/Defensive Line,Defensive Line,So.,Business Administration,Business & Management
Worcester St.,Kellan Rahming,Offensive Line,Offensive Line,Sr.,Business Administration,Business & Management
Worcester St.,Tony Sforza,Offensive Line,Offensive Line,Sr.,Criminal Justice,Criminal Justice & Social Sciences
Worcester St.,Cameron Olivo,Offensive Line,Offensive Line,Fy.,Business Administration,Business & Management
Worcester St.,Gavin Delgado,Offensive Line,Offensive Line,Jr.,Criminal Justice,Criminal Justice & Social Sciences
Worcester St.,Jayden Wetherbee,Offensive Line,Offensive Line,Jr.,Criminal Justice,Criminal Justice & Social Sciences
Worcester St.,Dominic DoCanto,Wide Receiver,Skill (QB/RB/WR/TE),Fy.,Business Administration,Business & Management
Worcester St.,Sebastian Rios,Kicker/Punter,Specialists,Fy.,Business Administration,Business & Management
Worcester St.,Thomas Lawton,Wide Receiver,Skill (QB/RB/WR/TE),Fy.,Business Administration,Business & Management
Worcester St.,Kevin DiMuzio,Wide Receiver,Skill (QB/RB/WR/TE),Fy.,Business Administration,Business & Management
Worcester St.,Griffin Kiniry,Wide Receiver/Punter,Specialists,Sr.,Educational Studies,"Humanities, Arts & Education"
Worcester St.,Evan Cook,Wide Receiver,Skill (QB/RB/WR/TE),So.,Nursing,Health Sciences
Worcester St.,Tre'Son Meuse,Running Back/Wide Receiver,Skill (QB/RB/WR/TE),Fy.,Undecided,Undeclared / Other
Worcester St.,Malcom Oratokhai,Defensive Line,Defensive Line,Fy.,Criminal Justice,Criminal Justice & Social Sciences
Worcester St.,Bj Pile,Defensive Line,Defensive Line,Fy.,Biology and Pharmacy,Health Sciences
Worcester St.,Edwin Blas,Defensive Line,Defensive Line,Jr./So.,Psychology,Criminal Justice & Social Sciences
Worcester St.,Bobby Wright,Defensive Line,Defensive Line,Jr./So.,Digital Media Production,Communication & Media
Framingham St.,Amari Williams,DB,Secondary,Sr,Marketing,Business & Management
Framingham St.,Devine Johnson,CB,Secondary,Sr,Communication Arts,Communication & Media
Framingham St.,Treyvon Fields,DB,Secondary,Jr,Accounting,Business & Management
Framingham St.,Jarvin Simon,RB,Skill (QB/RB/WR/TE),Sr,Business & IT,Business & Management
Framingham St.,James Wilder,S,Secondary,Jr,Health & Wellness,Kinesiology & Sport Science
Framingham St.,Nick Quintina,LB,Linebackers,Sr,Criminology,Criminal Justice & Social Sciences
Framingham St.,Adrian Sarrette,WR,Skill (QB/RB/WR/TE),Jr,Sports Management,Sport Management
Framingham St.,Khalil Erazo,DB,Secondary,Sr,Sports Management,Sport Management
Framingham St.,Ezana Zemene,WR,Skill (QB/RB/WR/TE),Jr,Management,Business & Management
Framingham St.,Josiah Mitchell,DB,Secondary,Sr,Management,Business & Management
Framingham St.,Tyrese Herring,LB,Linebackers,Jr,Finance,Business & Management
Framingham St.,Alex Maia,WR,Skill (QB/RB/WR/TE),Sr,Business & IT,Business & Management
Framingham St.,Mathias Fowler,WR,Skill (QB/RB/WR/TE),Sr,Marketing,Business & Management
Framingham St.,Zimari Omosefe,LB,Linebackers,So,Criminology,Criminal Justice & Social Sciences
Framingham St.,Ty Kelley,WR,Skill (QB/RB/WR/TE),Jr,Marketing,Business & Management
Framingham St.,Anthony Gerrior,QB,Skill (QB/RB/WR/TE),So,Criminology,Criminal Justice & Social Sciences
Framingham St.,Isaac Stubbs,LB,Linebackers,So,Marketing,Business & Management
Framingham St.,Ayden Ramirez,WR,Skill (QB/RB/WR/TE),Sr,Finance,Business & Management
Framingham St.,Tyrell Fuller,DB,Secondary,Jr,Health & Wellness,Kinesiology & Sport Science
Framingham St.,Stephen Gallant,WR,Skill (QB/RB/WR/TE),Sr,Studio Art,"Humanities, Arts & Education"
Framingham St.,Sebastien Guillaume,WR,Skill (QB/RB/WR/TE),Jr,Finance,Business & Management
Framingham St.,Ransford Adri,RB/QB,Skill (QB/RB/WR/TE),So,Management,Business & Management
Framingham St.,Michael Marcucella,QB,Skill (QB/RB/WR/TE),So,Accounting,Business & Management
Framingham St.,Nick Farley,WR,Skill (QB/RB/WR/TE),Jr,Health & Wellness,Kinesiology & Sport Science
Framingham St.,Jelon King,QB,Skill (QB/RB/WR/TE),Fr,Biology,STEM & Engineering
Framingham St.,Zion Jackson,DB,Secondary,So,Psychology,Criminal Justice & Social Sciences
Framingham St.,Darenn Duclas,DB,Secondary,So,Finance,Business & Management
Framingham St.,Max Whiting,DB,Secondary,So,Management,Business & Management
Framingham St.,Derick Coulanges,DB,Secondary,Jr,Criminology,Criminal Justice & Social Sciences
Framingham St.,Jeremiah Elie,DE,Defensive Line,So,Psychology,Criminal Justice & Social Sciences
Framingham St.,Rovens Jean-Baptiste,DE,Defensive Line,So,Management,Business & Management
Framingham St.,Xavier Beauchamp,RB,Skill (QB/RB/WR/TE),Fr,Health & Wellness,Kinesiology & Sport Science
Framingham St.,Makoto Uchikawa,RB/P,Specialists,Jr,Sports Management,Sport Management
Framingham St.,John Gucciardi,LB,Linebackers,So,Criminology,Criminal Justice & Social Sciences
Framingham St.,Julius Patterson,DB,Secondary,Fr,Accounting,Business & Management
Framingham St.,Nicholas Whitingham,DB,Secondary,So,Undeclared,Undeclared / Other
Framingham St.,Lawrence Smith,RB,Skill (QB/RB/WR/TE),Fr,Undeclared,Undeclared / Other
Framingham St.,Justin Outlow,DB,Secondary,Fr,Management,Business & Management
Framingham St.,Turnbull Sturgis,LB,Linebackers,Sr,Psychology,Criminal Justice & Social Sciences
Framingham St.,Dom Sobers,LB,Linebackers,Fr,Management,Business & Management
Framingham St.,Korrey Barron,DL,Defensive Line,Jr,Health & Wellness,Kinesiology & Sport Science
Framingham St.,Philip Parizeau,DB,Secondary,Fr,Management,Business & Management
Framingham St.,Jordan Cabbagestalk,DL,Defensive Line,So,Psychology,Criminal Justice & Social Sciences
Framingham St.,Nicholas Bilides,DB,Secondary,Fr,Management,Business & Management
Framingham St.,Arthur de Barros,K,Specialists,Fr,Management,Business & Management
Framingham St.,Victor Flores,DB,Secondary,Fr,Management,Business & Management
Framingham St.,Isaac Castillo,DB,Secondary,So,Management,Business & Management
Framingham St.,Sahkai Barnes,RB,Skill (QB/RB/WR/TE),So,Criminology,Criminal Justice & Social Sciences
Framingham St.,Jeff Alisauskas,RB,Skill (QB/RB/WR/TE),Jr,Criminology,Criminal Justice & Social Sciences
Framingham St.,Chad Harris,LB,Linebackers,Jr,Criminology,Criminal Justice & Social Sciences
Framingham St.,Colin McGough,DB,Secondary,Fr,Management,Business & Management
Framingham St.,Melvon Crump,DB,Secondary,Jr,Psychology,Criminal Justice & Social Sciences
Framingham St.,Amare Fortes,DB,Secondary,Fr,Management,Business & Management
Framingham St.,Kayden Doubleday,DE,Defensive Line,Fr,Undeclared,Undeclared / Other
Framingham St.,Luke Wile,LB,Linebackers,Fr,Criminology,Criminal Justice & Social Sciences
Framingham St.,Jailen Givins-Osafo,DL,Defensive Line,Fr,Pre-Engineering,STEM & Engineering
Framingham St.,Giovanni Carvalho,OL,Offensive Line,Fr,Criminology,Criminal Justice & Social Sciences
Framingham St.,Tucker Moody,LB,Linebackers,Fr,Psychology,Criminal Justice & Social Sciences
Framingham St.,Brandon Snyder,P/K,Specialists,Fr,Accounting,Business & Management
Framingham St.,Theo Clark,OL,Offensive Line,Fr,Pre-Engineering,STEM & Engineering
Framingham St.,Damon Uva,DE,Defensive Line,Fr,Management,Business & Management
Framingham St.,Joshua Louis,OL,Offensive Line,So,Management,Business & Management
Framingham St.,Gus Speight,LB,Linebackers,Fr,Undeclared,Undeclared / Other
Framingham St.,Gabe Grzyboski,DE,Defensive Line,Jr,Finance,Business & Management
Framingham St.,Jaquin Fahnbulleh,DB,Secondary,Jr,Management,Business & Management
Framingham St.,Tyler Holland,OL,Offensive Line,So,Pre-Dental,Health Sciences
Framingham St.,Collin Harris,OL,Offensive Line,Fr,Communication Arts,Communication & Media
Framingham St.,Akiel Halliday,OL,Offensive Line,Fr,Accounting,Business & Management
Framingham St.,Armyi Hardy,OL,Offensive Line,Jr,Business & IT,Business & Management
Framingham St.,Garnet Bululu,DL,Defensive Line,So,Sports Management,Sport Management
Framingham St.,Jayvon Tessier,OL,Offensive Line,Jr,Management,Business & Management
Framingham St.,Nigel Ampomah,OL,Offensive Line,Fr,Entrepreneurship,Business & Management
Framingham St.,Antonio Hernandez,OL,Offensive Line,Fr,Political Science,Criminal Justice & Social Sciences
Framingham St.,Dylan Burdick,OL,Offensive Line,Jr,Criminology,Criminal Justice & Social Sciences
Framingham St.,Richard O'Neil,OL,Offensive Line,So,Management,Business & Management
Framingham St.,Jayden Seale,OL,Offensive Line,Fr,Management,Business & Management
Framingham St.,Shaun Driscoll,OL,Offensive Line,So,Management,Business & Management
Framingham St.,Jacoby Lorente,OL,Offensive Line,Fr,Health & Wellness,Kinesiology & Sport Science
Framingham St.,Nathan Berthony,OL,Offensive Line,So,Management,Business & Management
Framingham St.,Juan Perez,OL,Offensive Line,Fr,International Business,Business & Management
Framingham St.,Aidan Joffre,OL,Offensive Line,So,Psychology,Criminal Justice & Social Sciences
Framingham St.,Malikai McClure,WR,Skill (QB/RB/WR/TE),Fr,Health & Wellness,Kinesiology & Sport Science
Framingham St.,Floyd White,WR,Skill (QB/RB/WR/TE),Fr,Management,Business & Management
Framingham St.,Nureini Mohamed,WR,Skill (QB/RB/WR/TE),Jr,Sports Management,Sport Management
Framingham St.,Dakari Eady,WR,Skill (QB/RB/WR/TE),Jr,Sports Management,Sport Management
Framingham St.,Andres Laureano Baez,WR,Skill (QB/RB/WR/TE),Fr,Pre-Medicine,Health Sciences
Framingham St.,Mason Morris,TE,Skill (QB/RB/WR/TE),So,Communication Arts,Communication & Media
Framingham St.,Timothy Vadnais,TE,Skill (QB/RB/WR/TE),Jr,Management,Business & Management
Framingham St.,Doodley Pierre,DE,Defensive Line,Fr,Finance,Business & Management
Framingham St.,Jorgeluis Morales,DL,Defensive Line,Jr,Management,Business & Management
Framingham St.,Abdi Haji,DT,Defensive Line,So,Psychology,Criminal Justice & Social Sciences
Framingham St.,AJ Largaespada,DE,Defensive Line,So,Marketing,Business & Management
Framingham St.,Isaac Bony,DE,Defensive Line,Fr,Finance,Business & Management
Framingham St.,Raymond Gaddah,DT,Defensive Line,Fr,Criminology,Criminal Justice & Social Sciences
Framingham St.,Christopher Islain,DT,Defensive Line,So,Marketing,Business & Management
Fitchburg St.,Camren Topkin,LB,Linebackers,Gr.,Education Studies,"Humanities, Arts & Education"
Fitchburg St.,Jacey Ham,WR,Skill (QB/RB/WR/TE),Sr.,Business,Business & Management
Fitchburg St.,Andrew Novak,DB,Secondary,Sr.,Economics,Business & Management
Fitchburg St.,Brian Holmes,DB,Secondary,So.,Business,Business & Management
Fitchburg St.,Emilio Cabey,WR,Skill (QB/RB/WR/TE),Jr.,Criminal Justice,Criminal Justice & Social Sciences
Fitchburg St.,Nathan Lane,DB,Secondary,Jr.,Accounting,Business & Management
Fitchburg St.,Dasha Domercant,QB,Skill (QB/RB/WR/TE),Jr.,Business Administration,Business & Management
Fitchburg St.,Reshawn Stewart,RB,Skill (QB/RB/WR/TE),Sr.,Graphic Design,"Humanities, Arts & Education"
Fitchburg St.,Luke Thompson,QB,Skill (QB/RB/WR/TE),Gr.,MBA Marketing,Business & Management
Fitchburg St.,Dexter Brown,DL,Defensive Line,Sr.,Business Management,Business & Management
Fitchburg St.,Peter Norton,WR,Skill (QB/RB/WR/TE),Sr.,Accounting,Business & Management
Fitchburg St.,Devin Lebron,WR,Skill (QB/RB/WR/TE),Sr.,Business Management,Business & Management
Fitchburg St.,Kyree Egerton,WR,Skill (QB/RB/WR/TE),Sr.,Construction Management,Business & Management
Fitchburg St.,Jaiden Williams,WR,Skill (QB/RB/WR/TE),So.,Criminal Justice,Criminal Justice & Social Sciences
Fitchburg St.,Di'Angelo Jean-Pierre,WR,Skill (QB/RB/WR/TE),Jr.,Business,Business & Management
Fitchburg St.,Michael Galligan,QB,Skill (QB/RB/WR/TE),So.,Business,Business & Management
Fitchburg St.,Andrew Gendron,TE,Skill (QB/RB/WR/TE),Sr.,History,Criminal Justice & Social Sciences
Fitchburg St.,Amari Blake,WR,Skill (QB/RB/WR/TE),Jr.,Business Administration,Business & Management
Fitchburg St.,Austin Lasseter,DB,Secondary,Jr.,Criminal Justice,Criminal Justice & Social Sciences
Fitchburg St.,Jonathan Williamson,RB,Skill (QB/RB/WR/TE),So.,Undecided,Undeclared / Other
Fitchburg St.,Emmanuel Cano,LB,Linebackers,Sr.,Construction Management,Business & Management
Fitchburg St.,Matthew Grenier,DB,Secondary,So.,Criminal Justice,Criminal Justice & Social Sciences
Fitchburg St.,Oriowokite Fatoke,RB,Skill (QB/RB/WR/TE),Sr.,Nursing,Health Sciences
Fitchburg St.,Israel DeJesus,LB,Linebackers,So.,Business Administration,Business & Management
Fitchburg St.,Tyler Sanders,RB,Skill (QB/RB/WR/TE),So.,Elementary Education,"Humanities, Arts & Education"
Fitchburg St.,Daniel Estremera IV,OLB,Linebackers,So.,Exercise and Sports Science,Kinesiology & Sport Science
Fitchburg St.,Janderick Quiñones,RB,Skill (QB/RB/WR/TE),Jr.,Exercise and Sports Science,Kinesiology & Sport Science
Fitchburg St.,Guymonley Dorce,DB,Secondary,So.,Construction Management,Business & Management
Fitchburg St.,Trayvon Lawson,DB,Secondary,Jr.,Criminal Justice,Criminal Justice & Social Sciences
Fitchburg St.,Mohamed Kallo,DE,Defensive Line,Fr.,Cyber Security,STEM & Engineering
Fitchburg St.,Kanye Harvey,LB,Linebackers,Sr.,Business Management,Business & Management
Fitchburg St.,Joseph Mensah,DB,Secondary,So.,Computer Information Systems,STEM & Engineering
Fitchburg St.,Ralph Raymond,DB,Secondary,Fr.,Nursing,Health Sciences
Fitchburg St.,Dan Palmer,DL,Defensive Line,Jr.,Criminal Justice,Criminal Justice & Social Sciences
Fitchburg St.,Ousman Touray,DB,Secondary,Jr.,Construction Management,Business & Management
Fitchburg St.,Hunter Sands,K/P,Specialists,Jr.,Elementary Education,"Humanities, Arts & Education"
Fitchburg St.,Lucas Greenstein,DB,Secondary,Fr.,Exercise and Sports Science,Kinesiology & Sport Science
Fitchburg St.,Rob Holder,WR,Skill (QB/RB/WR/TE),Fr.,Exercise and Sports Science,Kinesiology & Sport Science
Fitchburg St.,Joseph Hardy,RB,Skill (QB/RB/WR/TE),Jr.,Business Accounting,Business & Management
Fitchburg St.,Seyha Sun,RB,Skill (QB/RB/WR/TE),Fr.,Exercise and Sports Science,Kinesiology & Sport Science
Fitchburg St.,Jadiel Sotolongo,DB,Secondary,Fr.,Business,Business & Management
Fitchburg St.,Khile Ralph,DB,Secondary,Fr.,Business Marketing,Business & Management
Fitchburg St.,Michael Piccochi,RB,Skill (QB/RB/WR/TE),Fr.,Business Administration,Business & Management
Fitchburg St.,Thomas Costa,DE,Defensive Line,Jr.,Criminal Justice,Criminal Justice & Social Sciences
Fitchburg St.,KJ Hardin,DE,Defensive Line,So.,Business,Business & Management
Fitchburg St.,Christopher Da Silva Breguez,LB,Linebackers,So.,Accounting,Business & Management
Fitchburg St.,Liam Collins,DE,Defensive Line,So.,Criminal Justice,Criminal Justice & Social Sciences
Fitchburg St.,Kyle Connolly,LB,Linebackers,Jr.,Communications Media,Communication & Media
Fitchburg St.,Jeffrey Crandall,LB,Linebackers,So.,Criminal Justice,Criminal Justice & Social Sciences
Fitchburg St.,Yariel Vallejo,OL,Offensive Line,Fr.,Exercise and Sports Science,Kinesiology & Sport Science
Fitchburg St.,Jacob Cordon,OL,Offensive Line,Sr.,Communications,Communication & Media
Fitchburg St.,Garrett Berry,OL,Offensive Line,So.,Undecided,Undeclared / Other
Fitchburg St.,Jonah Costa,K,Specialists,Sr.,Construction Management,Business & Management
Fitchburg St.,Cameron Borges,OL,Offensive Line,Sr.,Computer Science,STEM & Engineering
Fitchburg St.,Troy Vento,OL,Offensive Line,Sr.,Criminal Justice,Criminal Justice & Social Sciences
Fitchburg St.,Conrad Lynch,DE,Defensive Line,Jr.,Communications Media,Communication & Media
Fitchburg St.,Christian Sifuentes,OL,Offensive Line,So.,Construction Management,Business & Management
Fitchburg St.,Giovanni Laguerre,OL,Offensive Line,Jr.,Business Administration,Business & Management
Fitchburg St.,Xavier Aguilar,OL,Offensive Line,Sr.,Construction Management,Business & Management
Fitchburg St.,Josiah Russell,OL,Offensive Line,Jr.,Psychology,Criminal Justice & Social Sciences
Fitchburg St.,Jared Hardison,OL,Offensive Line,Gr.,MBA Accounting,Business & Management
Fitchburg St.,William Aghedo,LB,Linebackers,Sr.,Construction Management,Business & Management
Fitchburg St.,Maurice Donovan,OL,Offensive Line,So.,Construction Management,Business & Management
Fitchburg St.,Nathaniel Rom,WR,Skill (QB/RB/WR/TE),Fr.,Business,Business & Management
Fitchburg St.,Nathaniel Otor,WR,Skill (QB/RB/WR/TE),So.,Cybersecurity,STEM & Engineering
Fitchburg St.,Kaleb Ledbetter,WR,Skill (QB/RB/WR/TE),So.,Human Services,Criminal Justice & Social Sciences
Fitchburg St.,Kaeden Kelley,WR,Skill (QB/RB/WR/TE),Fr.,Business Administration,Business & Management
Fitchburg St.,Lennoxx Ramos,WR,Skill (QB/RB/WR/TE),Fr.,Construction Management,Business & Management
Fitchburg St.,Edgar Melendez,WR,Skill (QB/RB/WR/TE),Fr.,Business,Business & Management
Fitchburg St.,Javiien Lazu,WR,Skill (QB/RB/WR/TE),Fr.,Undecided,Undeclared / Other
Fitchburg St.,Jesus Morfe Gutierrez,WR,Skill (QB/RB/WR/TE),Jr.,Computer Science,STEM & Engineering
Fitchburg St.,Christopher Towns,WR,Skill (QB/RB/WR/TE),Gr.,Business Administration,Business & Management
Fitchburg St.,Jerry Domercant,WR,Skill (QB/RB/WR/TE),Jr.,Business Administration,Business & Management
Fitchburg St.,Fauzhan Sserugooti,DE,Defensive Line,Fr.,Nursing,Health Sciences
Fitchburg St.,Rolguy Dimanche,DE,Defensive Line,So.,Business Administration,Business & Management
Fitchburg St.,Juelz Gonzalez,DL,Defensive Line,So.,Criminal Justice,Criminal Justice & Social Sciences
Dean,Dylan Cobb,LB,Linebackers,Fy.,,
Dean,Jomar Lopes,WR,Skill (QB/RB/WR/TE),Fy.,,
Dean,Darrion Kimball,WR,Skill (QB/RB/WR/TE),Sr.,Marketing,Business & Management
Dean,Jamal Palmer,DB,Secondary,So.,,
Dean,Tay Sholtz,WR,Skill (QB/RB/WR/TE),So.,,
Dean,Jah'mir Walker,DB,Secondary,Fy.,,
Dean,Da'Qwon Foster,WR,Skill (QB/RB/WR/TE),Sr.,Athletic Coaching and Recreation Management,Sport Management
Dean,Shane Maupin,DL,Defensive Line,Fy.,,
Dean,Jay Butler,WR,Skill (QB/RB/WR/TE),Fy.,,
Dean,Von Pemberton,LB,Linebackers,Sr.,Sport Management,Sport Management
Dean,Chris Donohue,QB,Skill (QB/RB/WR/TE),Sr.,,
Dean,AJ Newman,LB,Linebackers,Fy.,,
Dean,Vonte Burke,DB,Secondary,So.,,
Dean,Josiah Morales,QB,Skill (QB/RB/WR/TE),Sr.,Exercise Science,Kinesiology & Sport Science
Dean,Dante Dicks,DB,Secondary,Sr.,Sport Management,Sport Management
Dean,Yasir Moses,RB,Skill (QB/RB/WR/TE),So.,,
Dean,J'Shaun Reddin,QB,Skill (QB/RB/WR/TE),So.,,
Dean,Chris Testa,DB,Secondary,So.,,
Dean,Gabe Fraga,QB,Skill (QB/RB/WR/TE),So.,,
Dean,Zayvion Stanley,DL,Defensive Line,Sr.,,
Dean,Tye Davis,DB,Secondary,Fy.,,
Dean,Spencer Ferullo,WR,Skill (QB/RB/WR/TE),Sr.,,
Dean,Nick Levine,QB,Skill (QB/RB/WR/TE),Sr.,Sport Management,Sport Management
Dean,Jonas Petrokansky,WR,Skill (QB/RB/WR/TE),Jr.,,
Dean,Nyrel Norris,WR/QB,Skill (QB/RB/WR/TE),So.,,
Dean,Chris Carter,LB/DB,Secondary,So.,,
Dean,Colin Brady,DB,Secondary,So.,Marketing,Business & Management
Dean,Connor Schipritt,QB,Skill (QB/RB/WR/TE),Fy.,,
Dean,Brennan O'Brien,TE,Skill (QB/RB/WR/TE),So.,,
Dean,Bryson Evans,WR,Skill (QB/RB/WR/TE),Fy.,,
Dean,Malachi Hayes,WR/RB,Skill (QB/RB/WR/TE),Fy.,,
Dean,Adam Chisari,RB,Skill (QB/RB/WR/TE),Fy.,,
Dean,Jason Turcios,WR,Skill (QB/RB/WR/TE),Fy.,,
Dean,Rassian Williams,DB,Secondary,Fy.,,
Dean,Jadien Walker,LB/DL,Linebackers,Fy.,,
Dean,Ulysses Lopez-King,LB,Linebackers,Jr.,Exercise Science,Kinesiology & Sport Science
Dean,Justin Gomez,DB,Secondary,Fy.,,
Dean,Dre Chaney,WR,Skill (QB/RB/WR/TE),Fy.,,
Dean,Cameron Holloman,DB/RB,Secondary,Fy.,,
Dean,Matt Cordaro,DB,Secondary,Fy.,,
Dean,Addison Brown,DB/LB,Secondary,So.,,
Dean,Taj Byrd-Breazeale,RB,Skill (QB/RB/WR/TE),Fy.,,
Dean,Herman Esquivel Mendez,LB,Linebackers,Sr.,Sport Management,Sport Management
Dean,Arion Walkup,DB,Secondary,Fy.,,
Dean,Yandel Diaz,RB,Skill (QB/RB/WR/TE),Fy.,,
Dean,Ethan Richards,DB,Secondary,Jr.,Sports Broadcasting,Communication & Media
Dean,Koshown Dempsey,DL,Defensive Line,Sr.,Sport Management/Sports Broadcasting,Sport Management
Dean,Mar Smith,LB,Linebackers,So.,Business Management,Business & Management
Dean,Emmett Sheehan,DB,Secondary,Fy.,,
Dean,Aviren Chitpaseuth,LB,Linebackers,Fy.,,
Dean,Jason Noble,K/P,Specialists,Fy.,,
Dean,Ethan Suzedelis,LB,Linebackers,Fy.,,
Dean,Noah Benzant,OL,Offensive Line,So.,,
Dean,Kesley Cadet,DL/LB,Linebackers,So.,,
Dean,Derek Watson,DL/OL,Defensive Line,Fy.,,
Dean,Dillon West,LB/DL,Linebackers,Jr.,,
Dean,Antonio Crank,DL,Defensive Line,Fy.,,
Dean,Braeden Hadley,DL,Defensive Line,Fy.,,
Dean,Brad Walker,LB,Linebackers,Sr.,Sport Management,Sport Management
Dean,Shane Mahan,DL,Defensive Line,So.,,
Dean,Parker Sipos,OL,Offensive Line,Jr.,,
Dean,Alex Dobson,OL,Offensive Line,Jr.,,
Dean,Santino Ferrante,OL,Offensive Line,Jr.,,
Dean,Sean Delen,OL,Offensive Line,Fy.,,
Dean,Connor Burson,OL,Offensive Line,Jr.,,
Dean,Shawn Pierre,OL,Offensive Line,Fy.,,
Dean,Hunter Bowen,OL,Offensive Line,Fy.,,
Dean,Evan Coates,OL,Offensive Line,Fy.,,
Dean,Trystin Chadwick,TE,Skill (QB/RB/WR/TE),Fy.,,
Dean,Rex Boateng,WR,Skill (QB/RB/WR/TE),Fy.,,
Dean,Tomas Karasik,WR,Skill (QB/RB/WR/TE),Fy.,,
Dean,Jimmy Colwell,TE,Skill (QB/RB/WR/TE),Jr.,,
Dean,John Harrison III,WR,Skill (QB/RB/WR/TE),Fy.,,
Dean,JoJo Lopez,DL,Defensive Line,Fy.,,
Dean,Matthew Srabian,DL,Defensive Line,Fy.,,
Dean,Raul Leon,DB,Secondary,Sr.,Criminal Justice and Homeland Security,Criminal Justice & Social Sciences
Mass Maritime,Tom Spillane,Linebacker,Linebackers,Junior,Marine Transportation,STEM & Engineering
Mass Maritime,Enrique Buitrago,Quarterback,Skill (QB/RB/WR/TE),Freshman,Marine Engineering,STEM & Engineering
Mass Maritime,Jorden Woods,Defensive Back,Secondary,Sophomore,Marine Engineering,STEM & Engineering
Mass Maritime,Stephen Jurbala,Defensive Back,Secondary,Junior,Marine Transportation,STEM & Engineering
Mass Maritime,Jake Banda,Fullback,Skill (QB/RB/WR/TE),Freshman,Marine Engineering,STEM & Engineering
Mass Maritime,Jeremy Turner,Defensive Back,Secondary,Junior,Marine Engineering,STEM & Engineering
Mass Maritime,Joseph Schwartz,Quarterback,Skill (QB/RB/WR/TE),Junior,Facilities Engineering,STEM & Engineering
Mass Maritime,Brennan Keefe,Wide Receiver,Skill (QB/RB/WR/TE),Junior,International Maritime Business,Business & Management
Mass Maritime,Keiran Glover,Strong Safety,Secondary,Senior,Marine Transportation,STEM & Engineering
Mass Maritime,Evan Pierce,Quarterback,Skill (QB/RB/WR/TE),Senior,Emergency Management,Business & Management
Mass Maritime,Santiago Martinez,Wide Receiver,Skill (QB/RB/WR/TE),Junior,Marine Transportation,STEM & Engineering
Mass Maritime,Donnie DeBerry III,Wide Receiver,Skill (QB/RB/WR/TE),Sophomore,Facilities Engineering,STEM & Engineering
Mass Maritime,Kyle Stephens,Defensive Line,Defensive Line,Senior,Marine Transportation,STEM & Engineering
Mass Maritime,Drew Kelley,Slot Back,Skill (QB/RB/WR/TE),Freshman,Facilities Engineering,STEM & Engineering
Mass Maritime,Dylan Taylor,Slot Back,Skill (QB/RB/WR/TE),Junior,Marine Engineering,STEM & Engineering
Mass Maritime,Luke LeBlanc,Free Safety,Secondary,Sophomore,Marine Transportation,STEM & Engineering
Mass Maritime,Owen Lane,Slot Back,Skill (QB/RB/WR/TE),Junior,Emergency Management,Business & Management
Mass Maritime,Aidan Hanley,Defensive Back,Secondary,Senior,Marine Engineering,STEM & Engineering
Mass Maritime,Miles Smith,Quarterback,Skill (QB/RB/WR/TE),Junior,Marine Transportation,STEM & Engineering
Mass Maritime,Emerson Cochran,Fullback,Skill (QB/RB/WR/TE),Sophomore,Marine Transportation,STEM & Engineering
Mass Maritime,John Carlson,Slot Back,Skill (QB/RB/WR/TE),Senior,International Maritime Business,Business & Management
Mass Maritime,Nathan Edwards,Defensive Back,Secondary,Freshman,Marine Engineering,STEM & Engineering
Mass Maritime,Brennan Waldrop,Quarterback,Skill (QB/RB/WR/TE),Freshman,Marine Engineering,STEM & Engineering
Mass Maritime,Colin Bower,Defensive Line,Defensive Line,Sophomore,Marine Transportation,STEM & Engineering
Mass Maritime,Brooks Moss,Slot Back,Skill (QB/RB/WR/TE),Senior,Marine Transportation,STEM & Engineering
Mass Maritime,Brock Winslow,Quarterback,Skill (QB/RB/WR/TE),Freshman,,
Mass Maritime,Blake Dolan,Defensive Back,Secondary,Sophomore,International Maritime Business,Business & Management
Mass Maritime,Zachari Rocchio,Slot Back,Skill (QB/RB/WR/TE),Freshman,Marine Engineering,STEM & Engineering
Mass Maritime,Preston Brodd,Defensive Back,Secondary,Freshman,Marine Engineering,STEM & Engineering
Mass Maritime,Isaiah Ricketson,Slot Back,Skill (QB/RB/WR/TE),Senior,Emergency Management,Business & Management
Mass Maritime,Colin Pecue,Slot Back,Skill (QB/RB/WR/TE),Freshman,Marine Transportation,STEM & Engineering
Mass Maritime,Sean O'Neill,Linebacker,Linebackers,Sophomore,Marine Transportation,STEM & Engineering
Mass Maritime,Rex Sullivan,Linebacker,Linebackers,Senior,Marine Transportation,STEM & Engineering
Mass Maritime,Daniel Cordeiro,Fullback,Skill (QB/RB/WR/TE),Junior,International Maritime Business,Business & Management
Mass Maritime,Jaxson Shuman,Defensive Back,Secondary,Freshman,Facilities Engineering,STEM & Engineering
Mass Maritime,Max Carr,Defensive Back,Secondary,Junior,Marine Engineering,STEM & Engineering
Mass Maritime,Jordan Osborne,Slot Back,Skill (QB/RB/WR/TE),Freshman,Marine Engineering,STEM & Engineering
Mass Maritime,Christopher Wilson,Slot Back,Skill (QB/RB/WR/TE),Freshman,Marine Engineering,STEM & Engineering
Mass Maritime,Ray Gramlich,Full Back,Other/Unknown,Sophomore,International Maritime Business,Business & Management
Mass Maritime,Aiden Fairchild,Defensive Back,Secondary,Freshman,Marine Engineering,STEM & Engineering
Mass Maritime,Jackson Schipfer,Slot Back,Skill (QB/RB/WR/TE),Freshman,Marine Engineering,STEM & Engineering
Mass Maritime,Michael Arbour,Kicker/Punter,Specialists,Freshman,International Maritime Business,Business & Management
Mass Maritime,Jackson Mahoney,Linebacker,Linebackers,Senior,Marine Engineering,STEM & Engineering
Mass Maritime,Colin Hartrey,Linebacker,Linebackers,Junior,Marine Transportation,STEM & Engineering
Mass Maritime,Ryan Greenwood,Fullback,Skill (QB/RB/WR/TE),Freshman,Facilities Engineering,STEM & Engineering
Mass Maritime,Wyatt Goyette,Slot Back,Skill (QB/RB/WR/TE),Freshman,Emergency Management,Business & Management
Mass Maritime,Evan Hauptmann,Defensive Back,Secondary,Junior,Marine Transportation,STEM & Engineering
Mass Maritime,Ronan Manning,Linebacker,Linebackers,Sophomore,Emergency Management,Business & Management
Mass Maritime,Andrew Alvarado,Fullback,Skill (QB/RB/WR/TE),Freshman,Emergency Management,Business & Management
Mass Maritime,Decklan McDevitt,Defensive Back,Secondary,Sophomore,Emergency Management,Business & Management
Mass Maritime,John Dickinson,Fullback,Skill (QB/RB/WR/TE),Senior,Energy Systems Engineering,STEM & Engineering
Mass Maritime,Alex Rubin,Defensive Back,Secondary,Sophomore,Marine Transportation,STEM & Engineering
Mass Maritime,Jamaal Thurston,Linebacker,Linebackers,Freshman,Emergency Management,Business & Management
Mass Maritime,John Shields,Linebacker,Linebackers,Senior,Marine Transportation,STEM & Engineering
Mass Maritime,Gary Ragas,Linebacker,Linebackers,Senior,Marine Transportation,STEM & Engineering
Mass Maritime,Austin Bessette,Fullback,Skill (QB/RB/WR/TE),Sophomore,Emergency Management,Business & Management
Mass Maritime,Nick Marin,Fullback,Skill (QB/RB/WR/TE),Junior,Emergency Management,Business & Management
Mass Maritime,Norman Peters,Linebacker,Linebackers,Senior,Emergency Management,Business & Management
Mass Maritime,Jeremiah Hegedus,Long Snapper,Specialists,Senior,Marine Engineering,STEM & Engineering
Mass Maritime,Ryan Halloran,Linebacker,Linebackers,Junior,Marine Engineering,STEM & Engineering
Mass Maritime,Brody Hiles,Linebacker,Linebackers,Freshman,Facilities Engineering,STEM & Engineering
Mass Maritime,Tommy Kursonis,Kicker/Punter,Specialists,Freshman,Marine Engineering,STEM & Engineering
Mass Maritime,Ian Gauch,Defensive Line,Defensive Line,Senior,Marine Transportation,STEM & Engineering
Mass Maritime,Ilan Rivera,Offensive Line,Offensive Line,Sophomore,Energy Systems Engineering,STEM & Engineering
Mass Maritime,Eric Banda,Offensive Line,Offensive Line,Freshman,Marine Engineering,STEM & Engineering
Mass Maritime,Landen Luparello,OL,Offensive Line,Freshman,Marine Transportation,STEM & Engineering
Mass Maritime,Braeden Olmstead,Defensive Line,Defensive Line,Sophomore,Emergency Management,Business & Management
Mass Maritime,Michael Figueiredo,Offensive Line,Offensive Line,Junior,Facilities Engineering,STEM & Engineering
Mass Maritime,Liam Koch,Linebacker,Linebackers,Freshman,Facilities Engineering,STEM & Engineering
Mass Maritime,Brock Enterline,Linebacker,Linebackers,Sophomore,Marine Transportation,STEM & Engineering
Mass Maritime,Matt Terio,Offensive Line,Offensive Line,Junior,Marine Transportation,STEM & Engineering
Mass Maritime,Tristan Camarra,Offensive Line,Offensive Line,Sophomore,International Maritime Business,Business & Management
Mass Maritime,Dylan Clough,Defensive Line,Defensive Line,Freshman,Emergency Management,Business & Management
Mass Maritime,Jack Machaiek,Defensive Line,Defensive Line,Freshman,Marine Engineering,STEM & Engineering
Mass Maritime,Quentin Smith,OL,Offensive Line,Freshman,Emergency Management,Business & Management
Mass Maritime,Shane Sinclair,Offensive Line,Offensive Line,Junior,"Marine Science, Safety and Environmental Protection",STEM & Engineering
Mass Maritime,Alexander Hall,Offensive Line,Offensive Line,Sophomore,Energy Systems Engineering,STEM & Engineering
Mass Maritime,Thomas Russell,Offensive Line,Offensive Line,Senior,Marine Engineering,STEM & Engineering
Mass Maritime,Justin Gonzalez,Offensive Line,Offensive Line,Sophomore,Facilities Engineering,STEM & Engineering
Mass Maritime,Patrick Bateman,Offensive Line,Offensive Line,Freshman,Marine Engineering,STEM & Engineering
Mass Maritime,Cole Cernik,Offensive Line,Offensive Line,Junior,Marine Transportation,STEM & Engineering
Mass Maritime,Bredon Payne,Defensive Line,Defensive Line,Sophomore,International Maritime Business,Business & Management
Mass Maritime,Anthony Key,Offensive Line,Offensive Line,Freshman,International Maritime Business,Business & Management
Mass Maritime,Tiernan Moran,Offensive Line,Offensive Line,Sophomore,Marine Transportation,STEM & Engineering
Mass Maritime,TJ McClenahan,Long Snapper,Specialists,Sophomore,Marine Transportation,STEM & Engineering
Mass Maritime,Caden Fitzsimmons,Offensive Line,Offensive Line,Senior,Facilities Engineering,STEM & Engineering
Mass Maritime,Marcus McCord,Offensive Line,Offensive Line,Junior,Facilities Engineering,STEM & Engineering
Mass Maritime,Thomas Marvelli,Offensive Line,Offensive Line,Senior,International Maritime Business,Business & Management
Mass Maritime,Christian Montalvo,Defensive Line,Defensive Line,Freshman,Emergency Management,Business & Management
Mass Maritime,Joaquin Ortiz,Offensive Line,Offensive Line,Sophomore,International Maritime Business,Business & Management
Mass Maritime,Lincoln Ackerman,Defensive Line,Defensive Line,Junior,Energy Systems Engineering,STEM & Engineering
Mass Maritime,Peyton Mayer,Offensive Line,Offensive Line,Freshman,Marine Transportation,STEM & Engineering
Mass Maritime,Bismarck Suarez,Offensive Line,Offensive Line,Freshman,Emergency Management,Business & Management
Mass Maritime,Abe Hughes,Defensive Line,Defensive Line,Sophomore,International Maritime Business,Business & Management
Mass Maritime,Xander Sermos,Offensive Line,Offensive Line,Freshman,Emergency Management,Business & Management
Mass Maritime,Spenser Kilsby,Offensive Line,Offensive Line,Freshman,Marine Engineering,STEM & Engineering
Mass Maritime,Camden Chalker,Wide Receiver,Skill (QB/RB/WR/TE),Freshman,Facilities Engineering,STEM & Engineering
Mass Maritime,Conor Casey,Tight End,Skill (QB/RB/WR/TE),Freshman,International Maritime Business,Business & Management
Mass Maritime,Jace Lee,Tight End,Skill (QB/RB/WR/TE),Freshman,Marine Engineering,STEM & Engineering
Mass Maritime,Matthew Tourigney,Wide Receiver,Skill (QB/RB/WR/TE),Sophomore,Emergency Management,Business & Management
Mass Maritime,Rory Ferguson,Wide Receiver,Skill (QB/RB/WR/TE),Freshman,Emergency Management,Business & Management
Mass Maritime,Gabriel Fihlman,Wide Receiver,Skill (QB/RB/WR/TE),Sophomore,Marine Engineering,STEM & Engineering
Mass Maritime,Grayson Smith,Kicker/Punter,Specialists,Sophomore,Marine Engineering,STEM & Engineering
Mass Maritime,Matthew Holton,Tight End,Skill (QB/RB/WR/TE),Sophomore,Emergency Management,Business & Management
Mass Maritime,Logan Dennett,Defensive Line,Defensive Line,Sophomore,Facilities Engineering,STEM & Engineering
Mass Maritime,Asher Kearns,Defensive Line,Defensive Line,Sophomore,International Maritime Business,Business & Management
Mass Maritime,Andrew Viener,Tight End,Skill (QB/RB/WR/TE),Senior,Marine Transportation,STEM & Engineering
Mass Maritime,Quinn Murphy,Defensive Line,Defensive Line,Freshman,Facilities Engineering,STEM & Engineering
Mass Maritime,James Sansone,Kicker/Punter,Specialists,Junior,Emergency Management,Business & Management
Mass Maritime,Angus Pingel,Defensive Line,Defensive Line,Junior,Marine Engineering,STEM & Engineering
Mass Maritime,Alex Mott,Defensive Line,Defensive Line,Sophomore,Marine Transportation,STEM & Engineering
Mass Maritime,Chase Henault,Defensive Line,Defensive Line,Sophomore,Facilities Engineering,STEM & Engineering
Mass Maritime,Patrick Hamilton,Defensive Line,Defensive Line,Sophomore,Emergency Management,Business & Management
Mass Maritime,Henry Laufer,Kicker/Punter,Specialists,Freshman,Marine Transportation,STEM & Engineering
Mass Maritime,Shaun Maher,Defensive Line,Defensive Line,Sophomore,Emergency Management,Business & Management
Mass Maritime,Riley Fitzgibbon,Defensive Line,Defensive Line,Freshman,Marine Transportation,STEM & Engineering
Mass Maritime,Nathan Malek,Defensive Line,Defensive Line,Sophomore,Marine Engineering,STEM & Engineering
Mass Maritime,Andon Werling,Kicker/Punter,Specialists,Senior,Marine Transportation,STEM & Engineering
Mass Maritime,Jason Baker,Slot Back,Skill (QB/RB/WR/TE),Freshman,Marine Transportation,STEM & Engineering
Mass Maritime,Evan Dupras,Defensive Back,Secondary,Freshman,Marine Transportation,STEM & Engineering
Mass Maritime,Dylan Hamilton,Defensive Back,Secondary,Freshman,Emergency Management,Business & Management
Mass Maritime,Gayton Lieke,Linebacker,Linebackers,Freshman,Marine Engineering,STEM & Engineering
Mass Maritime,Nathaniel Mallette,Linebacker,Linebackers,Freshman,Marine Engineering,STEM & Engineering
Mass Maritime,Kristopher Patterson,Defensive Back,Secondary,Freshman,International Maritime Business,Business & Management
Mass Maritime,Aden Sierra,Linebacker,Linebackers,Freshman,Marine Engineering,STEM & Engineering
New England Col,Ben Roy,Tight End / Punter TE/P,Specialists,Jr.,,
New England Col,Fire Anderson,Running Back RB,Skill (QB/RB/WR/TE),Jr.,,
New England Col,DeAnjelo DeSena,Quarterback QB,Skill (QB/RB/WR/TE),Fr.,,
New England Col,CJ Taylor,Defensive Back DB,Secondary,Jr.,,
New England Col,Dylan Roy,Defensive Back DB,Secondary,Jr.,,
New England Col,Isaiah Turner,Wide Receiver WR,Skill (QB/RB/WR/TE),Sr.,,
New England Col,Jayman Jones,Defensive Lineman DL,Defensive Line,Jr.,,
New England Col,Kaevryel Madison,Defensive Back DB,Secondary,Sr.,,
New England Col,Jack Lombardo,Quarterback QB,Skill (QB/RB/WR/TE),Jr.,,
New England Col,Gavin Philbrook,Defensive Back DB,Secondary,So.,,
New England Col,Ethan Cenesca,Linebacker LB,Linebackers,Jr.,,
New England Col,Hollis Jones,Linebacker LB,Linebackers,Sr.,,
New England Col,Aidan Hughes,Quarterback QB,Skill (QB/RB/WR/TE),Sr.,,
New England Col,Conrado Lago,Wide Receiver WR,Skill (QB/RB/WR/TE),Jr.,,
New England Col,Brody Sobotka,Quarterback QB,Skill (QB/RB/WR/TE),Fr.,,
New England Col,Eamon Lefsrud,Wide Receiver WR,Skill (QB/RB/WR/TE),Fr.,,
New England Col,Gavin Auger,Wide Receiver WR,Skill (QB/RB/WR/TE),Jr.,,
New England Col,Dontrell White,Running Back RB,Skill (QB/RB/WR/TE),Jr.,,
New England Col,Michael Abiraad,Defensive Back DB,Secondary,Sr.,,
New England Col,Gabriel Dantas,Quarterback QB,Skill (QB/RB/WR/TE),Fr.,,
New England Col,Alexys Ortiz,Defensive Back DB,Secondary,Fr.,,
New England Col,Spencer Brien,Wide Receiver WR,Skill (QB/RB/WR/TE),So.,,
New England Col,DaShawn Fairfax,Linebacker LB,Linebackers,Fr.,,
New England Col,Kody Kimball,Wide Receiver WR,Skill (QB/RB/WR/TE),Fr.,,
New England Col,Gabe Murdough,Running Back RB,Skill (QB/RB/WR/TE),So.,,
New England Col,Jackson Borkush,Running Back RB,Skill (QB/RB/WR/TE),Jr.,,
New England Col,Nathan Femmer,Running Back RB,Skill (QB/RB/WR/TE),Jr.,,
New England Col,Elijah Johnson,Defensive Back DB,Secondary,Fr.,,
New England Col,Owen McDonough,Defensive Back DB,Secondary,So.,,
New England Col,Mo Olanrewaju,Running Back RB,Skill (QB/RB/WR/TE),So.,,
New England Col,Levi Madison,Defensive Back DB,Secondary,Jr.,,
New England Col,Edward Leonard,Running Back RB,Skill (QB/RB/WR/TE),Fr.,,
New England Col,Lucas Szynal,Defensive Back DB,Secondary,Sr.,,
New England Col,John David Nelson,Running Back RB,Skill (QB/RB/WR/TE),Fr.,,
New England Col,Liam King,Wide Receiver WR,Skill (QB/RB/WR/TE),Fr.,,
New England Col,Raymond Alleyne,Defensive Back DB,Secondary,So.,,
New England Col,Nayshaun Bracero,Running Back RB,Skill (QB/RB/WR/TE),So.,,
New England Col,Johnathon Burgio,Running Back RB,Skill (QB/RB/WR/TE),Fr.,,
New England Col,Justin Draper,Defensive Back DB,Secondary,So.,,
New England Col,Brayden VanPembrook,Tight End TE,Skill (QB/RB/WR/TE),Fr.,,
New England Col,Philip Hubacher,Defensive Back DB,Secondary,Fr.,,
New England Col,Nate Sadia,Linebacker LB,Linebackers,So.,,
New England Col,Shane Lynn,Defensive Back DB,Secondary,Fr.,,
New England Col,Hunter Long,Defensive Back DB,Secondary,Fr.,,
New England Col,Joshua York,Running Back RB,Skill (QB/RB/WR/TE),Fr.,,
New England Col,Harrison Kaplan,Kicker/Punter K/P,Specialists,Fr.,,
New England Col,Brayden Sohn,Offensive Line OL,Offensive Line,So.,,
New England Col,Austin Hall,Linebacker LB,Linebackers,Fr.,,
New England Col,Brady Gourley,Offensive Lineman OL,Offensive Line,Jr.,,
New England Col,Jacob-Eli Henry,Linebacker LB,Linebackers,Fr.,,
New England Col,Jared Tapia,Linebacker LB,Linebackers,Fr.,,
New England Col,David Jones,Linebacker LB,Linebackers,So.,,
New England Col,Christian Madera,Long Snapper LS,Specialists,Fr.,,
New England Col,Oscar Keresey,Defensive Line DL,Defensive Line,So.,,
New England Col,Kendrick Hill,Defensive Lineman DL,Defensive Line,Fr.,,
New England Col,Ethan Allen,Offensive Lineman OL,Offensive Line,Fr.,,
New England Col,Joshua Domond,Defensive Lineman DL,Defensive Line,Fr.,,
New England Col,Holden Dickerson,Defensive Lineman DL,Defensive Line,So.,,
New England Col,James Healey,Offensive Lineman OL,Offensive Line,So.,,
New England Col,Alex Lavallee,Offensive Lineman OL,Offensive Line,Fr.,,
New England Col,Mark Byron,Offensive Lineman OL,Offensive Line,Fr.,,
New England Col,Miguel Maldonado,Offensive Line OL,Offensive Line,So.,,
New England Col,Duwaine Hodges,Offensive Lineman OL,Offensive Line,Fr.,,
New England Col,Nathan Powers,Offensive Lineman OL,Offensive Line,Fr.,,
New England Col,Mene Adumene,Offensive Lineman OL,Offensive Line,Sr.,,
New England Col,Andruw Melanson,Offensive Lineman OL,Offensive Line,Fr.,,
New England Col,Brendan Rourke,Wide Receiver WR,Skill (QB/RB/WR/TE),So.,,
New England Col,Noah Redman,Wide Receiver WR,Skill (QB/RB/WR/TE),So.,,
New England Col,Izaiha Hilton Velazquez,Wide Receiver WR,Skill (QB/RB/WR/TE),Fr.,,
New England Col,Owen Taylor-Gelinas,Wide Receiver WR,Skill (QB/RB/WR/TE),Fr.,,
New England Col,Chuck Hughes,Wide Receiver WR,Skill (QB/RB/WR/TE),Jr.,,
New England Col,Austin Normandin,Tight End TE,Skill (QB/RB/WR/TE),Jr.,,
New England Col,Dylan Panas,Tight End TE,Skill (QB/RB/WR/TE),So.,,
New England Col,Andrew Healey,Kicker/Punter K/P,Specialists,Fr.,,
New England Col,Cody Baker,Defensive End DE,Defensive Line,So.,,
New England Col,Daniel Breton,Defensive Lineman DL,Defensive Line,Fr.,,
New England Col,Gavin Ford,Kicker/Punter K/P,Specialists,Fr.,,
New England Col,Antonio Hebert,Defensive Lineman DL,Defensive Line,Fr.,,
New England Col,Decovin McClurkin,Defensive Lineman DL,Defensive Line,Fr.,,
New England Col,Trevor Rosser,Defensive Lineman DL,Defensive Line,Fr.,,
New England Col,John Pappas,Kicker/Punter K/P,Specialists,Fr.,,
